Address Line 1,City,State,Zip Code
"1506 C"" BAY VILLA PL S""",TAMPA,FL,33629
"323 S M"" STREET""",LAKE WORTH,FL,33460
"60 B"" ISLE OF CAPRI""",DELRAY BEACH,FL,33484
7931 2ND ST N,ST PETERSBURG,FL,33702-4403
"330 SOUTH C"" STREET""",PENSACOLA,FL,32502
"613 SOUTH M"" STREET""",LAKE WORTH,FL,33460
"1031 N E"" STREET""",LAKE WORTH,FL,33460
"1812 E"" ROAD""",LOXAHATCHEE,FL,33470
"412 S L"" ST""",LAKE WORTH,FL,33460
"809 NORTH O"" ST""",LAKE WORTH,FL,33460
10921 SW. 144 AVE,MIAMI,FL,33186
"200 C"" SE 17TH STREET""",OCALA,FL,34471
"528 N C"" ST""",LAKE WORTH,FL,33460
1880 SW 11TH STREET,MIAMI,FL,33135
825 NW 13TH STREET,GAINESVILLE,FL,32601
182 SPARKLEBERRY BLVD S,QUINCY,FL,32351
1155 BAYSHORE DR,ENGLEWOOD,FL,34223-1978
"14701 CUMBERLAND DRIVE, A-102""""",DELRAY BEACH,FL,33446
"216 NORTH O"" ST""",LAKE WORTH,FL,33460
12663 SW 94 PLACE,MIAMI,FL,33176
"4700 SHERIDAN ST SUITE J""""",HOLLYWOOD,FL,33021
995 SW 84TH AVENUE  # 315,MIAMI,FL,33144
2801 ORANGE TREE CIRCLE N,PALM HARBOR,FL,34684
14299 SW 20TH TERRACE,MIAMI,FL,33175-7070
"8091 NW 12TH STREET J""""",MARGATE,FL,33063
13984 SW 46 TERRACE,MIAMI,FL,33175
"327 NORTH B"" STREET""",LAKE WORTH,FL,33460
"3010 LYNDHURST H""""",DEERFIELD BEACH,FL,33442
"3010 LYNDHURST H""""",DEERFIELD BEACH,FL,33442
2061 ROSE LAWN ST,SARASOTA,FL,34231
"1205 SE 10TH AVE APT. A""""",CAPE CORAL,FL,33990
"606 NORTH M"" STREET""",LAKE WORTH,FL,33460
"3044 VENTNOR O""""",DEERFIELD BEACH,FL,33442
12628 KENWOOD LN.,FORT MYERS,FL,33907
1 CALLE OSLO 1 BLQ 2 1� 3,POZUELO DE ALARC�N,99,28224
"3044 VENTNOR O"" CVE""",DEERFIELD BEACH,FL,33442
"6907 NW 50TH STREET SUITE A""""",MIAMI,FL,33166
6371 N MEAD TERR,DUNNELLON,FL,34433
1155 BAYSHORE DRIVE,ENGLEWOOD,FL,34223
1880 SW 11TH STREET,MIAMI,FL,33135
"714  NORTH  O"" STREET""",LAKE WORTH,FL,33460
14440 METROPOLIS AVENUE #103,FORT MYERS,FL,33912
"518 SOUTH B"" STREET""",LAKE WORTH,FL,33460
"338 AVENUE A"" SOUTH EAST""",WINTER HAVEN,FL,33880
3044 S MILITARY TRAIL,LAKE WORTH,FL,33463
182 SPARKLEBERRY BLVD,QUINCY,FL,32351
"4700 SHERIDAN STREET SUITE J""""",HOLLYWOOD,FL,33021
